rsids,ImpMAF
rs10106231,0.47495
rs10120924,0.06593
rs10161936,0.19165
rs1021671,0.43057
rs10740134,0.48017
rs10769102,0.18104
rs10865936,0.22403
rs10871540,0.34262
rs10972090,0.06387
rs10988676,0.32497
rs11098456,0.43799
rs11135015,0.40513
rs111434175,0.1559
rs111885088,0.08879
rs111968842,0.20921
rs11232774,0.0708
rs112850539,0.07869
rs113761749,0.031
rs114796243,0.17411
rs117300028,0.05255
rs117491584,0.03502
rs117698348,0.07575
rs117739068,0.0499
rs118159018,0.05857
rs11850295,0.03938
rs11864191,0.07956
rs11990818,0.39088
rs12035995,0.08987
rs12045422,0.33302
rs12189155,0.18412
rs12281119,0.43488
rs12291145,0.07736
rs12313817,0.06231
rs12353096,0.41825
rs12523843,0.11188
rs12576289,0.20082
rs12604978,0.44782
rs12648188,0.18247
rs1272959,0.08049
rs1276083,0.33882
rs12798540,0.09621
rs1292072,0.24141
rs12975366,0.4155
rs13064098,0.17948
rs13167730,0.08121
rs1317189,0.30465
rs13230625,0.30104
rs13329672,0.26556
rs13379042,0.24178
rs141429377,0.03888
rs141622900,0.04063
rs1474357,0.3922
rs149022945,0.02358
rs1538670,0.43687
rs174536,0.39086
rs17622806,0.27883
rs17627481,0.05186
rs17730281,0.23736
rs17738239,0.05179
rs1838343,0.45962
rs1884310,0.03013
rs1896564,0.45937
rs199501,0.18421
rs2008174,0.23503
rs2021378,0.41909
rs2038014,0.30581
rs2062319,0.06099
rs207287,0.26138
rs2230326,0.19801
rs2282186,0.09499
rs2332969,0.31341
rs2427530,0.32683
rs2442724,0.2014
rs2459399,0.16615
rs247616,0.32158
rs2479550,0.12346
rs2480006,0.38767
rs2498343,0.33002
rs2542941,0.30705
rs2636324,0.43655
rs2659005,0.44601
rs2686395,0.3101
rs2710292,0.39672
rs2740488,0.25976
rs2836831,0.35068
rs300753,0.46852
rs333952,0.3568
rs34221241,0.13509
rs342507,0.19201
rs34665903,0.02962
rs34931250,0.08188
rs35020724,0.11068
rs35173225,0.11621
rs36099795,0.06684
rs3755912,0.13167
rs3775296,0.19611
rs3794700,0.07408
rs3925584,0.40004
rs4135063,0.38866
rs418417,0.23603
rs4548696,0.12535
rs4575367,0.36342
rs4604455,0.33979
rs4665972,0.33903
rs4690013,0.42067
rs4690875,0.19131
rs4698934,0.15937
rs470530,0.0989
rs4821422,0.4099
rs4838254,0.38351
rs4910023,0.29792
rs4970836,0.2075
rs508106,0.32966
rs55698825,0.19071
rs55714927,0.21166
rs55879786,0.19602
rs56383622,0.41943
rs59239262,0.19723
rs603424,0.09572
rs6073958,0.22851
rs61261356,0.40823
rs61501627,0.05279
rs61871680,0.19538
rs61941676,0.1514
rs62077873,0.37502
rs62348795,0.17474
rs62498034,0.22092
rs6479782,0.42348
rs6585831,0.41616
rs6589574,0.11388
rs66584275,0.12161
rs66713911,0.06632
rs67296634,0.36118
rs6747755,0.24826
rs67882621,0.19463
rs6937889,0.36343
rs6968595,0.17726
rs6968917,0.46342
rs6982218,0.4898
rs7015766,0.05768
rs7140619,0.23045
rs7152122,0.11423
rs7228974,0.21834
rs72704449,0.04582
rs72735302,0.06772
rs72784717,0.19188
rs72805613,0.42516
rs73042687,0.19781
rs731170,0.30985
rs73222852,0.10247
rs73807882,0.0415
rs75054070,0.06523
rs7559547,0.163
rs7674623,0.21323
rs76951547,0.08979
rs7716761,0.42505
rs7725218,0.34397
rs77924615,0.19701
rs77944107,0.10309
rs7799861,0.42603
rs7811342,0.08435
rs7823086,0.31171
rs7853818,0.41773
rs79482739,0.07767
rs79491761,0.05857
rs7952183,0.12322
rs7970063,0.21905
rs8027601,0.47887
rs8031813,0.32718
rs831423,0.22915
rs9309272,0.19233
rs954019,0.35289
rs9664184,0.37885
rs9808497,0.21455
rs9927153,0.2252
rs994641,0.11852
rs9989432,0.16107
